_id,question,answer
1,"수술 1·2·3·4·5종이 각각 어떻게 다른가","보험사가 사용하는 수술분류표상의 3가지 분류를 말하며 좀 더 자세한 설명은 아래를 참고하십시오.
수술 1종: 비교적 경미한 수술을 말하며, 완치율이 높고 재발 가능성이 낮은 질병에 대하여 적용하고 있습니다. (예: 비골 관혈수술, 하지 정맥류 근본수술, 탈장 근본수술, 치질, 백내장·수정체 관혈수술 등)
수술 2종: 1종의 수술보다 복잡한 형태의 수술을 말합니다. (예: 골이식술, 요로 결석 치료를 위한 체외 충격파 쇄석술, 신경 관혈수술, 충수절제술, 만성 중이염 근본수술 등)
수술 3종: 1, 2종의 수술보다 복잡한 형태의 수술을 말합니다. (예: 피부이식술, 두개골 관혈수술, 사지 절단술, 비장 절제술, 갑상선·부갑상선 절제술, 담낭·담도 관혈수술 등)
수술 4종: 1, 2, 3종의 수술보다 복잡한 형태의 수술을 말합니다 (예: 종격종양 적출술, 위 절제술, 소장·결장·직장·장간막 관혈수술, 관혈적 척수종양 적출술 등)
수술 5종: 수술을 하지 않으면 생명의 위협까지 올 수 있는 심각한 수술을 말합니다. (예: 폐장·심장·간장·췌장·신장 등의 이식수술, 두개내 관혈수술 등)"
2,"건강보험에 가입해도 보상을 못 받는 경우가 있나","건강보험에 가입했더라도 보험금을 받지 못하는 경우가 있습니다. 보험금이 전혀 지급되지 않거나 혹은 보험금의 일부만 지급됩니다.
약관에서보상하지 않는 손해는 보장받을 수 없습니다.
연간 보장한도일을 넘는 의료비나 간병비는 보장받을 수 없습니다.
통원치료비를 보장받을 경우 5천원을 공제합니다.
상급병실을 이용할 때 기준병실료와의 차액은 지급하지 않습니다.
암은 가입 후 90일이 지나야만 보장받을 수 있습니다.
감액기간에는 약정된 보험금의 일부만 보상받을 수 있습니다.
가입시 보험사에 알린 내용이 실제와 다르면 보상받을 수 없습니다.
계약이 실효된 상태에서 발생한 질병에 대해서는 보상받을 수 없습니다."
3,"자궁근종수술 기왕증 시 건강보험 가입이 가능하나","자궁근종의 경우 보험가입이 거절되는 사항은 아닙니다. 다만 수술 후 1년 가량이 지나야 가입이 가능하며, 근종만 제거했는지, 자궁 전체를 적출했는지에 따라서 가입내용이 달라집니다. 근종만 제거한 경우에는 자궁(일부 보험사는 자궁뿐만 아니라 난소에 대해서도 부담보 조건으로만 가입이 가능함)에 대한 부담보 조건(해당 부위에 발생한 질병은 보장하지 않는 조건)으로 가입하실 수 있으며, 자궁 적출을 한 경우에는 부담보 없이 가입이 가능합니다. 하지만 정확한 가입 여부는 보험사에서 요구하는 서류를 첨부한 후 심사를 요청해 보아야 알 수 있습니다."
4,"건강보험은 어느 정도 가격대가 적당한가","건강보험의 보험료는 가입자의 연령, 성별, 보장항목과 보장금액에 따라 달라질 뿐만 아니라, 보험상품은 가입자의 필요와 상황에 맞추어 가입하는 개별 맞춤 상품이기 때문에 모든 가입자에게 적당한 가격대라는 것이 따로 있을 수 없습니다. 다만 보장성보험료에 대한 보험료 지출은 소득금액의 10%를 넘지 않는 것이 바람직하므로 건강보험보다 가입이 우선되는 보험상품의 보험료와 건강보험의 보험료를 합산한 총보장성 보험의 보험료 예산이 소득금액의 10%를 넘지 않는 선에서 보장내용과 가격대를 결정하시는 것이 좋습니다."
5,"신경정신과 치료 중인데 건강보험의 가입이 가능하나","신경정신과 치료를 받은 경우 보험가입이 어렵습니다. 따라서 보험가입이 필요하시다면 진단과 치료 전에 가입하셔야 합니다. 신경정신과 치료를 받았다고 해서 기존 보험계약에 변경이 발생하지는 않습니다. 다만 신경정신과치료에 대한 보험혜택을 받을 수는 없습니다."
6,"보험회사는 개인의 진료내역을 알고 있나","국민건강보험공단에서는 가입자의 병력에 대한 정보를 보험사에 제공하지 않습니다. 따라서 보험회사에서 전산조회로 개인의 과거 병원기록을 알 수는 없습니다. 다만 질병이나 재해(상해)로 인해 민간보험사의 보험금을 수령한 적이 있다면 해당 내용은 보험사별로 공유할 수 있기 때문에 확인이 가능합니다."
7,"암, 질병, 상해를 모두 보장 받을 수 있는 건강보험이 있나","질병(암 포함)과 상해를 모두 보장받을 수 있은 상품은 많습니다. 대부분의 건강보험 상품이 암을 포함한 질병과 상해에 대한 치료비를 보장합니다. 생명보험의 종신보험(또는 정기보험)상품도 특약을 통해 암을 포함한 질병과 상해에 대한 치료비를 함께 보장받을 수 있습니다."
8,"건강보험 가입시 최대한 납입보험료를 저렴하게 하는 방법은","건강보험 가입시 납입보험료를 최대한 적게 하는 방법은 아래와 같습니다.  
순수보장형으로 가입하십시오.
만기환급형 상품은 만기환급금으로 인하여 그만큼 보험료가 높습니다. 따라서 동일한 보장을 받으면서 보험료를 낮추는 방법은 만기환급금이 없는 순수보장형 상품으로 가입하는 것입니다.
순수보장형 상품이 없다면 환급률이 낮은 유형으로 가입하십시오.
만기환급률이 높은 상품은 그만큼 보험료가 높습니다. 따라서 순수보장형 상품이 없다면 만기환급률이 낮은 상품을 선택하는 것이 보험료를 최대한 낮출 수 있습니다.
납입기간을 최대한 길게 하십시오.
납입보험료는 납입기간이 길수록 낮고, 짧을수록 높습니다. 보험기간보다 짧게 납입하는 보험은 보험료 완납 이후 인플레이션에 따라서 보험금의 가치가 감소될 수도 있으므로, 되도록이면 보험기간 동안 전기납으로 납입하는 것이 유리하다고 할 수 있습니다. 다만 대부분의 가입자는 경제활동기간동안 보험료 납입을 완료하기를 원하기 때문에 가장 많이 선택되는 납입기간은 20년(80세만기 상품 기준)입니다."
10,"건강보험과 암보험을 동시 가입할 필요가 있나","고액의 암진단금을 원하시면 동시에 가입하는 것이 좋습니다. 질병과 재해에 대한 치료비를 보장하는 건강보험도 특약을 통해서 암치료비를 추가로 보장받을 수 있지만, 가입할 수 있는 암진단금이 2천만원 정도이므로 고액의 진단금을 원하신다면 암보험으로 가입하는 것이 좋습니다. 암 진단을 받은 경우에 고액의 치료비뿐만 치료기간 중에 경제활동을 하지 못하기 때문에 치료비 이상의 부수적인 비용이 필요하다는 점을 고려하면 충분한 암진단금을 보장받는 것이 좋습니다."
11,"고혈압, 당뇨병력 환자도 건강보험의 가입이 가능하나","고혈압과 당뇨로 약을 복용하고 계시다면 복용 후 수치가 정상이라고 하더라도 건강보험의 가입은 어렵습니다."
12,"건강보험을 홈쇼핑에서 가입하는 것은 어떤가","보험상품은 가입자의 필요와 상황을 종합적으로 고려하여 가입하는 맞춤상품이기 때문에 홈쇼핑을 통하여 가입하는 것은 바람직하지 않습니다. 만일 홈쇼핑을 통한 건강보험 가입을 고려하고 있다면 아래와 같은 사항에 유의하셔야 합니다.
홈쇼핑을 통하여 판매되는 보험상품은 가입자별 상황이나 필요를 고려하지 않고 누구에게나 동일하게 적용되는 규격화된 틀(플랜)에 맞추어 설계가 되어 있기 때문에 다른 종류의 상품을 구매하는 방식으로 가입할 경우 중복이나 과잉보장이 발생할 수 있습니다.
홈쇼핑의 경우 저렴한 보험료나 판매상품의 이점만을 지나치게 강조하고, 보장내용을 지나치게 부풀려서 강조(최대보장금액만 강조)하는 등 소비자를 오인케 할 수 있는 방식과 내용으로 가입을 유도하는 경향이 있으므로 소비자의 주의가 요구됩니다.
홈쇼핑을 통하여 건강보험에 가입할 경우에는 책임있는 계약관리자가 따로 없기 때문에 가입한 보험상품과 관련된 전문가의 도움을 받기 어렵다는 단점이 있습니다. 건강보험은 보통 20년 이상 납입을 하고, 80세까지 오래도록 보장을 받는 상품이기 때문에 적절한 가입못지 않게 가입후의 사후관리 또한 중요하다고 볼 수 있습니다."
13,"건강보험과 민영의료보험을 동시에 가입하는 것이 유리하나","건강보험 상품과 민영의료보험 상품은 보상방식이 서로 달라 함께 가입할 경우 어느 한 쪽에서 보상받지 못하는 경우에는 다른 쪽에서 보상받을 수 있고, 양쪽 모두 보상을 받을 수 있는 경우에는 중복하여 보상받을 수 있다는 이점이 있습니다. 하지만 두 가지 상품을 함께 가입하면 납입보험료의 부담이 커질 수 밖에 없고, 어느 한 쪽만 가입해도 충분한 위험보장이 가능하기 때문에 꼭 함께 가입할 필요는 없습니다."
14,"병원에서 괜찮다는 증상을 보험사에서 문제시 할 경우","보험계약은 보험사와 가입자간의 사적 계약이기 때문에 보험사에서 사전에 정한 계약인수기준에서 벗어나는 청약에 대해서는 계약의 인수를 일방적으로 거절할 수 있습니다. 따라서 보험사에서 특정 병력을 이유로 보험가입을 거절한다고 해서 어떤 조치를 취하기는 어렵습니다. 다만 보험사별로 계약인수기준이 조금씩은 다르기 때문에 계약을 거절당했다면 다른 보험사로 문의해보시는 것이 좋습니다."
15,"건강보험료를 절약하는 방법은","건강보험의 보험료는 보험사간에 큰 차이가 납니다. 아래에서 5가지 절약법을 참고하여 현명한 보험가입자가 되십시오.
보험료를 비교하여 저렴한 상품을 찾으십시오.
보험사별로 보험료의 원가에서 가장 크게 차이가 나는 부분이 사업비입니다. 예정사업비율이 낮은 상품을 찾으려면 부득이 여러 상품의 보장내용을 일치시킨 후 보험료를 비교해 보아야 합니다.
보험기간 만료시의 만기환급률이 높은 상품을 선택하십시오.
건강보험은 대개 보험료 환급형 상품인데, 가입할 때는 꼭 만기환급률을 확인하십시오. 일부 보험사는 만기환급률이 100%이지만, 일부 보험사는 50%에 불과한 경우도 있습니다.
주요 보장을 주계약에서 보장하는 상품을 선택하십시오.
건강보험의 만기환급금은 대부분 주계약에 대한 보험료에 대해서만 적용하고, 특약에 대한 보험료에 대해서는 적용하지 않습니다. 따라서주요 보장을 주계약에서 보장하는 상품이 만기환급률이 높습니다.
하루라도 빨리 가입하는 것이 유리합니다.
건강보험료는 앞으로 계속 올라갈 가능성이 높습니다.따라서 하루라도 빨리 건강보험을 가입해야만 더 비싼 보험료를 부담하지 않게 됩니다.
유명 보험사를 무조건적으로 선호하지 마십시오.
보험료를 절약하려면 보험사의 브랜드에 대한 충성심을 버려야 합니다.보험금은 약관에 따라 지급하고, 금융감독원, 소비자보호원, 예금자보호법 등의안전장치가 있으므로 유명 보험사라고 무조건 선호하지 말고, 유리한 상품을 선택하는것이 좋습니다."
17,"건강보험 해약 후 부활시키는 방법은","건강보험 가입 후 보험료 납입이 연체되어 보험계약이 실효된 경우에는 보험사에 보험계약의 부활을 요청해야 합니다. 건강보험의 경우 부활 청약도 신계약과 동일한 기준에 의해 심사하므로 부활전 고지사항을 작성하여 보험사에 청약 후 심사를 받고 승인을 얻어야 부활이 가능합니다. 보험사의 부활이 승인된 경우 가입자은 연체되었던 보험료를 모두 납입해야 합니다. 다만 구체적인 부활 절차는 보험사별로 다를 수 있으며, 실효된 건강보험의 부활은 해지일로부터 2년 이내에만 가능합니다."
18,"건강보험료는 수술비 및 입원비 내용에 따라 달라지나","건강보험료는 수술비 및 입원비의 내용에 따라 보험료가 달라집니다. 건강보험은 중대질병에 대해서 진단금을 일시금으로 지급하지만, 그 외의 질병이나 재해에 대해서도 수술비 및 입원비를 지급합니다. 그런데 질병이나 재해의 수술비 및 입원비는 상품별로 달라집니다. 예를 들자면 A상품은 심장 질환, 고혈압, 뇌혈관질환, 만성하기도, 간질환, 위 및 십이지장 질환, 당뇨, 갑상선 장애, 말기 신부전증, 폐렴, 결핵 등에는 340~400만원의 수술비를 지급하지만, 빈혈, 백내장, 중이염, 천식에는 20~100만원만 수술비로 지급합니다.  반면에 B상품은 심장 질환, 뇌혈관질환, 간질환에는 340~600만원, 만성하기도 및 당뇨에는 340~400만원, 고혈압, 위 및 십이지장 질환, 갑상선 장애, 말기신부전증, 폐렴 등에는 140~200만원의 수술비를 지급하고 빈혈, 백내장, 중이염, 천식 등에는 140~200만원의 수술비를 지급합니다. 이런 차이는 입원비에서도 상품별로 유사하게 나타나는데 결국 보험료에 모두 반영됩니다."
20,"천식환자 보험가입 가능한가","일반적으로 천식의 경우 보험가입이 불가능합니다. 그러나 보험사에 따라서는 치료 완료 후 2년 동안 그 외의 치료력이 없을 경우 소견서를 제출하여 가입 가능여부를 확인하실 수 있습니다."
21,"위 용종제거수술 환자가 건강보험 가입이 가능하나","가입이 불가능하거나, 가입에 제한이 있을 수 있습니다. 대부분의 보험사가 수술 후 일정기간이 지나야 가입이 가능하며, 소견서를 첨부하여 심사를 받아야 합니다. 가입이 가능하더라도 용종이 있었던 부위의 질병에 대해서는 일정기간 또는 전기간 동안 보장받지 못하는 제한이 있을 수 있습니다. 정확한 가입여부는 청약을 통해 수술내용에 대하여 보험사로 정확하게 고지해야 알 수 있습니다."
22,"건강보험에서 치질도 보상되나","그렇습니다. 건강보험에서는 치질 치료시 입원비 및 수술비를 보장합니다. 반면 민영의료보험에서는 입원비, 수술비 및 치료비를 보장하지 않고 입원특약이 가입되어 있을 때 입원일당을 보장합니다."
24,"류마티스 관절염 환자도 건강보험의 가입이 가능하나","류마티스 관절염은 대부분의 보험사에서 가입을 거절하고 있는 질병이라 건강보험에 가입하실 수 없습니다."
25,"건강보험을 여러 개 중복 가입해도 모두 보상 받을 수 있나","어떤 보험상품을 중복으로 가입했느냐에 따라 아래와 같이 보상 여부가 달라집니다.
건강보험 상품만을 중복으로 가입했을 경우에는 중복해서 보상받을 수 있습니다.
건강보험 상품과 민영의료보험 상품을 혼합하여 가입했을 경우에도 중복해서 보상받을 수 있습니다.
민영의료보험 상품(실비보상 상품)을 중복으로 가입했을 경우에는 중복해서 보상받지 못하는 경우가 생길 수 있습니다. 민영의료보험 상품은 실제 치료비를 지급하는 보장 항목에 대해서는 중복해서 보상하지 않습니다."
26,"정신과 치료를 보장하는 건강보험이 있나","정신장애로 인한 치료의 경우 건강보험 상품의 약관에서는 지급대상에서 제외하는 질병으로 분류하고 있습니다. 따라서 정신과 치료비는 보험가입을 통해 보장을 받으실 수 없습니다. 다만 어린이보험 중에는 학교생활 중 따돌림 등으로 인해 정신과 치료를 받은 경우에 한해 치료비(손해보험)나 입원일당(생명보험)을 보장하는 상품이 있습니다."
27,"건강보험에서 제왕절개도 보상 되나","제왕절개는 산모가 미용상의 이유 등 임의로 수술을 요청하는 경우에는 보상받을 수 없습니다. 그러나 임신 전에 건강보험을 가입했고, 출산시 산모와 아기의 안전을 위하여 의사가 제왕절개 수술을 시행할 필요가 있다고 진단하면 일반적으로 보장받을 수 있습니다. 다만 구체적인 내용은 보험상품별로 조금씩 다를 수 있으므로 보험약관을 필히 참고하십시오."
28,"건강보험료는 보험료 납입기간에 따라 달라지나","건강보험료는 보험료 납입기간에 따라 보험료가 달라집니다. 보장기간이 같다면 보험료 납입기간이 길수록 보험료가 저렴해 질 것은 당연합니다. 건강보험의 보험료 납입기간은 보험사마다 다르지만 아래와 같은 4가지 방식이 있습니다.
10년, 15년, 20년 등 햇수를 정해서 그 기간 동안 냄.
55세, 60세 등 나이를 정해서 그 나이가 될 때까지 계속 냄.
보장기간이 끝날 때까지 계속 냄. (전기납이라고 함)
보험가입시 한번에 모두 냄. (일시납이라고 함)
위 4가지 중에서 어느 것을 선택하든지 햇수로 계산한 보험료의 납입기간이 길수록 보험료는 저렴합니다. 하지만 보험료 납입기간이 짧은 것에 비해서 긴 것은 그만큼 이자가 더 포함되어 있다는 점도 잊어서는 안 됩니다."
29,"뇌경색을 보장하는 건강보험이 있나","뇌경색에 대한 치료비(수술 및 입원비)는 대부분의 건강보험에서 보장을 받을 수 있습니다. 다만 뇌경색에 대한 고액의 진단금은 대부분의 건강보험 상품에서는 보장하지 않고 있으며, 민영의료보험 상품에서만 뇌경색에 대한 진단금을 뇌졸중 진단금으로 보장하고 있습니다."
30,"보험료 연체 기간이 어느 정도일 때 건강보험 계약 실효되나","건강보험계약은 계속보험료를 연체한 달의 익월 말일까지 연체보험료를 납입하지 않으면 실효가 됩니다. 가령 보험료 납입일이 매달 10일이고, 1월 10일 보험료를 납입하지 못하여 연체하였다면 2뭘말까지 연체보험료를 납입해야 하며 연체보험료를 납입하지 못했을 경우 3월1일자로 보험계약은 효력을 상실합니다."
31,"환급형 건강보험 만기전 피보험자 사망시 환급금 받나","건강보험의 피보험자가 보험만기 이전에 사망하는 경우에는 보험계약은 종료되며, 해당 시점에서의 책임준비금을 계약자(계약자와 피보험자가 동일한 경우에는 상속인)에게 지급합니다."
32,"부부가 함께 건강보험 가입시 보험료가 할인되나","생명보험사의 건강보험 상품 중 부부가 함께 가입할 수 있는 상품은 없습니다. 있다하더라도 부부가 함께 하나의 증권으로 가입한다고 해서 보험료가 할인되는 것은 아니라는 사실을 기억하십시오. 다만 부부형으로 가입하면서 기본계약을 중복하여 가입하지 않아도 될 경우에는 불필요한 보장에 가입하지 않음으로써 보험료를 소액이나마 절약할 수 있는 부분이 있기는 합니다."
33,"MRI,CT 등 고가 검사비를 보장받는 건강보험이 있나","통원치료비와 MRI, CT 등의 검사비용을 보장받기 위해서는 손해보험사의 의료실비보장 상품(민영의료보험)으로 가입하셔야 합니다."
34,"건강보험에서 치과치료도 보상 되나","치과질환은 선천성 이상, 미용을 목적으로 하는 질환 등과 함께 건강보험에서 보장하지 않는 범주에 속합니다."
37,"주계약과 특약은 어떻게 보험료가 결정되나","주계약의 보험료 결정
(생명보험사의) 건강보험은 주계약과 특약으로 구성되어 있으며, 주계약에는 질병 및 재해에 대한 치료비 보장(진단금, 수술비, 입원비 보장)이 포함되어 있습니다.
건강보험은 주계약만 가입해도 될 만큼 주계약에 충분한 보장을 포함한 상품이 대부분이며, 주계약에 포함되지 않은 보장 중 필요한 보장에 한해 특약으로 부가할 수 있도록 되어 있습니다.
또한 주계약의 경우 가입금액 또는 가입구좌수에 따라 전체 보장금액과 보험료가 달라집니다. 가령 가입금액이 1,000만원일 때 암진단금이 2,000만원이고, 수술비가 300만원이라면 가입금액을 2배로 하면 암진단금과 수술비도 각각 2배인 4,000만원과 600만원이 됩니다. 물론 보험료도 해당 보장금액의 증가분만큼 비싸집니다.
특약의 보험료 결정
건강보험 상품의 특약은 여러 가지 보장이 세트로 구성된 주계약과 달리 별도의 독립된 보장항목으로 선택하여 가입할 수 있으며, 주계약과 마찬가지로 가입금액이나 구좌수에 따라 보장금액과 보험료가 달라집니다.
건강보험의 경우 주계약의 가입금액 또는 구좌수와 부가한 특약의 가입금액 또는 구좌수에 따라 납입보험료가 결정되며, 만기환급형인지 순수보장형인지에 따라 보험료가 달라질 수 있습니다.
따라서 연령과 성별, 가입유형(만기환급 또는 순수보장)이 동일하고 주계약과 특약의 가입금액이 동일하다면 보험료 또한 동일합니다."
38,"위궤양 후 위염으로 호전시 건강보험 가입이 가능하나","최근에 위궤양으로 치료를 받은 적이 있고, 현재도 위염으로 치료 중이라면 건강보험 가입은 어렵습니다. 위궤양의 경우 완치 후에도 일정기간(최소 6개월 이상임)이 경과해야만 가입이 가능하며, 심사 후 가입이 가능하더라도 위에 발생한 질병에 대해서는 보장하지 않는 조건이 추가될 수 있습니다."
39,"건강보험에서 입원 일수에 제한있나","건강보험은 입원일수가 120일 한도이며, 상품 종류와 질병명에 따라 다를 수 있으나, 대개 퇴원 후 180일이 지나야만 새로운 입원으로 간주됩니다. 이는 일반적인 경우이며, 일부 상품은 달라질 수 있습니다."
40,"건강보험 가입시 실제와 다르게 알리면 보상이 안되나","가입시 보험사에 알린 내용이 실제와 다르면 고지의무 위반으로 인하여 보상받을 수 없습니다. 건강보험에 가입할 때 보험사가 질문하는 내용이 있습니다. 운전 여부, 3개월 이내 및 5년 이내의 병력, 위험한 취미, 신체장애 여부 등이 모든 보험사에 공통되는 질문인데, 이를 사실과 다르게 대답하면 보험금 지급이 거절될 수 있습니다. 특히 병력이 있을 경우에는 빼지 말고 대답해야 됩니다. 병력이 있는 경우에 보험사에서 가입을 거절하는 경우가 많습니다. 그렇더라도 이를 숨기고 가입하면 보험료를 계속 납입하였음에도 불구하고, 보상을 전혀 받을 수 없게 되어 큰 손해를 보게 됩니다."
43,"건강보험과 정기보험의 차이는","건강보험은 질병이나 재해(상해)로 인한 치료비를 보장하는 상품입니다. 정기보험은 종신보험처럼 피보험자의 사망을 보장하는 상품이며, 종신보험이 종신토록 사망을 보장하는데 반해, 정기보험은 정해진 기간(일반적으로 피보험자의 가족부양책임이 있는 기간)동안만 피보험자의 사망을 보장하는 상품입니다. 정기보험도 특약을 통해 건강보험처럼 질병과 재해에 대한 치료비 보장을 추가할 수 있습니다."
44,"건강보험 상품 중 간병인을 지원받는 특약이 있나","간병인이 지원되는 특약은 없습니다. 대신 보험사로부터 간병비를 보장하는 보험금을 수령하여 간병인 사용비용을 충당하셔야 합니다. 간병비는 질병이나 재해로 장기간 입원했을 때 약관에서 정한 입원기간이 경과할 때마다 정액의 간병비를 지급하는 일당입원비와 유사한 형태의 간병비보장과 치매나 개호상태(다른 사람의 도움이 없이는 식사와 배변, 이동이 불가능한 상태)가 되었을 때 고액의 보험금을 진단금이나 연금형식으로 지급하는 간병비보장이 있습니다. 일당입원비 형식의 간병비는 주로 민영의료보험상품에서 가입이 가능합니다. 고액의 진단금을 보장하는 간병비 보장의 경우 생명보험 상품은 일부 건강보험과 실버보험에서만 간병비보장특약으로 보장을 받을 수 있으며, 40세 이상인 경우에만 가입이 가능합니다. 이에 반해 민영의료보험 상품은 연령에 관계없이 간병비보장특약을 가입할 수 있으며, 통합보험 등을 통해 보장을 받을 수 있습니다."
45,"보험료를 계속 못내면 어떻게 되나","보험료를 응당히 내야 하는 날이 속한 달의 다음 달 말일까지 보험료를 미납하면 보험계약은 실효가 됩니다. 예를 들어 2월 15일날 보험료를 내야 하는데 3월31일까지 내지 못하면 실효가 됩니다. 실효 상태에서 발생한 질병에 대해서는 보험금을 받을 수 없습니다. 그러나 실효되기 전에 발생한 질병에 대해서는 보험금을 받을 수 있습니다."
46,"뇌출혈 병력환자 가입가능한가","뇌출혈은 고혈압, 고지혈증, 심장질환, 당뇨병 등의 원인이며, 중대한 질환으로 재발 가능성이 높고, 신경학적 후유증을 남기는 경우가 많아서 가입이 어렵습니다."
47,"몇 세까지 건강보험 가입 가능한가","건강보험 가입이 가능한 최고 연령은 만 60세까지 입니다. 실버보험의 일부 상품은 70세까지 가능한 상품이 있으므로 보험전문가에게 상의하십시오."
49,"치매만 보장하는 보험상품 있나","일반적으로 치매 보장은 건강보험의 선택특약으로 가능하며, 치매만 보장하는 상품은 없습니다. 또한 건강보험 상품은 치매보장 특약의 가입에 연령 제한이 있기 때문에 일반적으로 40세 이전에는 치매보장특약을 가입할 수 없습니다. 하지만 민영의료보험 상품은 치매보장(치매 진단 또는 간병비 담보)가입에 연령 제한이 없기 때문에 가입할 수 있습니다."
50,"청약철회 및 품질보증 제도란","청약철회 제도란 보험가입자가 청약일로부터 15일 이내에 청약을 마음대로 철회할 수 있는 것을 말합니다. 보험사의 가까운 지점에 직접 방문하거나 우편으로 신청합니다. 신청시에는 청약서부본을 반납해야 합니다. 우편의 경우 서류도착일 기준이 아니고 소인날짜를 기준으로 청약철회 신청일을 계산합니다.
품질보증 제도란 보험상품에 대해 설명을 받지 못했거나 약관 및 청약서부본을 전달받지 못한 경우에 계약일 기준 3개월 이내에 청약을 철회할 수 있는 것을 말합니다."
52,"관절염 수술후 건강보험에 가입가능한가","관절염은 어떤 원인(세균 또는 외상 등)에 의해 관절 내에 염증이 생긴 것을 총괄하여 지칭하는 것으로, 류마티스관절염과 퇴행성관절염이 가장 대표적입니다.
류마티스관절염은 신경계 질환, 심장질환, 만성 폐질환 유발 및 고도후유장애 위험이 크며, 거의 대부분의 보험사가 가입을 거절하고 있습니다.
퇴행성관절염은 과거와 현재의 치료내용, 입원여부, 관절치환술 여부, 장애여부, 키/체중, 외상 경험 확인 후 해당 부위 부담보 조건으로 심사 가능합니다. 단, 수술하신 경험이 있다면, 5년 초과한 후 합병증이 전혀 없는 양호한 상태에 한해 선별적으로 최소 한도로 가입을 고려할 수 있습니다."
53,"건강보험에서 한의원 치료비도 일반치료비처럼 지급되는가","보험계약에 있어서 입원, 수술, 진단, 통원치료의 정의는 의사, 치과의사 또는 한의사의 자격을 가진 자에 의하여 의료법 제3조(의료기간) 제2항에서 정한 국내의 병원이나 의원 또는 이와 동등하다고 인정되는 국외의 의료기간에서 시행되는 의료행위를 기본으로 하고 있습니다. 위의 사항들에 적합한 자격을 가진 의사와 의료기관에 해당되는 한방병원의 경우 치료비는 동일하게 보장됩니다."
54,"건강보험에서 특약의 변경 및 삭제 가능한가","건강보험에서 특약의 가입내용을 변경하거나 삭제하는 것도 가능?爛求? 다만 특약내용을 변경할 때 특약의 보장을 축소하는 것은 일부해지로 보기 때문에  별다른 제약이 없지만(단 기본계약이나 주계약에 연계된 보장의 경우 해지가 제한될 수 있습니다), 특약의 보장을 확장(보장의 추가 또는 보장금액의 증액)하는 것은 보험사의 승인이 이루어져야 가능합니다. 보장내용에 따라 달라지겠지만, 질병 보장에 대한 특약 추가나 보장금액 증액은 가입 후 보험계약 변경신청 시점까지 피보험자의 위험 변경 여부에 대한 고지를 바탕으로 심사가 이루어지며, 고지 내용에 따라서는 보험계약 변경이 거절될 수도 있습니다.
  보험계약 변경이 보장 축소인 경우에는 감소된 보장보험료만큼 납입보험료가 줄어들거나 적립보험료로 적립되어 만기환급금이 증가하며, 보장이 확대될 경우에는 납입보험료가 늘어나거나 적립보험료가 감소하여 만기환급금이 감소하게 됩니다."
55,"외국에 거주하는 경우에도 건강보험 가입이 가능하나","건강보험은 현재 국내에 거주하면서 주된 거주지가 국내인 경우에만 가입이 가능하며, 현재 외국에서 거주 중이거나 이민이 예정된 경우에는 가입하실 수 없습니다."
56,"갑상선질환 환자 건강보험 가입가능한가","갑상선 질환으로 현재 치료중(약물치료, 검사결과 이상 등)이라면 건강보험의 가입이 불가능합니다. 다만 완치된 후 1~2년 경과 후에는 서류(소견서, 갑상선기능결과지 등) 첨부 후 심사가 가능하며, 치료상태(재발회수, 치료기간, 합병증 유무, 후유증 여부 등)에 따라 갑상선 부담보조건으로 가입되거나, 가입이 거절될 수 있습니다."
58,"건강보험의 보험금 청구시 준비할 서류는","건강보험의 보험금 청구시 구비서류는 보험금 청구 사안에 따라 달라지므로 구체적인 것은 인슈넷FC 또는 보험사로 문의하시기 바랍니다. 통상 공통적으로 포함되는 서류는 보험사 양식의 보험금청구서, 보험금수익자의 신분증 사본과 통장 사본이며, 나머지 서류는 보험사고의 종류, 치료방법 등에 따라 달라집니다."
59,"건강보험 가입 전에 꼭 건강진단을 받아야 하나","꼭 그런 것은 아닙니다. 다만 연령, 병력, 보험가입금액 등에 따라 건강진단을 받아야 하는 경우도 있으므로 가입하기 전에 전문가와 상담하십시오."
60,"직장 변경 시에 건강보험의 보험료 할인이 되나","근무하는 직장의 변경으로 직무가 달라지는 경우 건강보험 상품은 영향이 없습니다. 다만 민영의료보험의 경우 직장 변경으로 인하여 상해위험이 달라질 경우 그에 따른 보험료도 달라지게 되므로, 이를 보험사에 반드시 고지하셔야 합니다. 만일 직장변경으로 상해위험이 증가되었음에도 불구하고 고지를 하지 않았다면 통지의무 위반에 해당되어 보험사고가 발생해도 보장을 받지 못하거나 보험계약이 해지될 수도 있습니다."
62,"건강보험과 민영의료보험의 차이점은","건강보험과 민영의료보험의 가장 큰 차이점은 보상방식입니다. 건강보험은 보험금지급사유(질병의 진단,수술,입원)가 발생하면 정해진 보험금을 지급하는 정액보장 방식이며, 민영의료보험은 보험금지급사유(질병이나 상해로 인한 치료)가 발생하면 해당 사유로 인해 발생한 손해를 가입금액을 한도로 지급하는 실손보상 방식입니다. 다만 민영의료보험도 정액보험금을 지급하는 보장(진단금,수술비,일당입원비 보장)을 포함하고 있습니다."
63,"건강보험과 CI보험은 어떻게 다르나","건강보험과 CI보험은 전혀 다른 종류의 상품입니다. 두 상품이 모두 질병과 관계되지만 건강보험은 피보험자의 건강 회복을 전제로 하며, CI보험은 피보험자의 건강 회복 불능을 전제로 합니다. 차이점을 간단히 설명하면 아래와 같습니다.
건강보험이란
건강보험은 일상적으로 발생할 수 있는 질병(예; 10,538개) 및 재해에 대하여 수술비, 입원비, 치료비를 지급하며, 이 외에 뇌출혈, 뇌경색, 급성심근경색증, 말기신부전증, 말기간질환, 말기폐질환, 암 등 중대질병에 대하여도 고액의 진단금을 지급합니다. 건강보험은 피보험자가 다시 건강을 찾을 수 있도록 도와주는 보험 상품입니다.
CI보험이란
CI보험은 종신보험의 일종입니다. 그러므로 CI보험도 피보험자가 사망할 경우 보험금을 지급합니다. 다만 CI보험은 피보험자가 사망하기 전이라도 중대한 질병, 중대한 수술, 중대한 화상 및 부식이 발생하였을 때 사망보험금의 50~80%를 미리 지급합니다. 즉 CI보험은 피보험자가 사망보험금을 미리 받아서 치료비나 인생 정리자금으로 쓸 수 있도록 해 줍니다."
64,"건강보험에서 통원치료비 보상에 공제금액이 있나","건강보험에서는 통원치료비 지급이 드물고, 설혹 지급한다고 해도 1일당 1만원 정도이며, 별도의 공제금액은 없습니다. 반면 민영의료보험에서는 통원치료비를 보상받는 경우 5천원을 공제합니다."
65,"결핵환자 가입가능한가","결핵균은 전신의 모든 장기나 피부를 통해서 칩입할 수 있으며, 대부분 폐를 통해서 감염됩니다. 결핵은 치료를 받은 기간 및 상황에 따라 가입이 제한되기 때문에 정확한 가입 여부는 보험사에서 요구하는 서류를 첨부한 후 심사를 받아 보아야만 알 수 있습니다. 다음은 일반적인 기준으로 참고하시기 바랍니다.
치료기간이 1년 이하인 경우에는 치료 종료(완치) 1년 경과 후 해당 부위 부담보조건으로 심사가 가능합니다.
치료기간이 1~2년인 경우에는 치료 종료(완치) 2년 경과 후 해당 부위 부담보조건으로 심사 가능합니다.(단, 최근 폐소견 결과에 따라 가입이 어려울 수 있음)
2년 이상 약물 치료한 경우, 에는폐절제수술을 받은 경우, 재발한 경우, 입원기간이 1개월 이상인 경우 등은 가입이 어렵습니다.
 "
66,"건강보험가입시 어떤 세제 혜택이 있나","건강보험은 소득세 특별공제 항목 중 보험료 공제대상이기 때문에 근로소득자에 한하여 다른 보장성보험 상품과 합산하여 연간 100만원을 한도로 납입보험료 전액을 소득공제받을 수 있습니다. 다만 건강보험의 계약자가 근로자이고 피보험자가 기본공제 대상자인 경우에만 소득공제가 가능합니다.(계약자가 근로자가 아니더라도 피보험자가 기본공제 대상자이고, 실제 보험료는 근로자가 부담한 경우라면 공제 가능)
  맞벌이 부부의 경우 연간 소득금액이 100만원을 넘어가면 기본공제 대상자가 될 수 없기 때문에 서로 근로자 본인이 계약자가 되고 배우자를 피보험자로 하는 건강보험 가입시 소득공제를 받을 수 없다는 점에 유의해야 합니다. 또한 건강보험이 장애인전용 보험상품인 경우에는 별도로 100만원을 한도로 소득공제가 가능합니다."
67,"보험기간 vs 보험료 납입기간","보험기간이란 보장 기간을 의미합니다. 이 기간 중에 보험사고 발생시 보험금이 지급됩니다.
보험료 납입기간은 보험료를 납입하는 기간으로, 보험기간과 동일할 수도 있고 다를 수도 있습니다. 납입기간이 짧을수록 보험료가 비싸집니다.
만일 보험기간이 10년이고 납입기간이 5년일 경우, 보험료를 5년만 내면 나머지 5년 동안은 보험료를 내지 않아도 사고에 대한 보장을 받습니다. 따라서 보험만기일이란 보험료 완납일이 아니고 보험기간 완료일을 의미합니다."
68,"건강보험과 민영의료보험은 보상하는 손해에 차이가 있나","약관에서 보상하지 않는 손해를 건강보험은은 포지티브 방식, 민영의료보험은 네거티브 방식으로 규정하고 있습니다. 즉 건강보험은 10,538가지의 질병을 보장한다는 식으로 표현하는데 반해, 민영의료보험은 요추 및 기타 추간판 또는 신경계 질환을 제외한 나머지 질병을 보장한다는 식으로 표현합니다. 물론 보상범위는 민영의료보험 훨씬 넓습니다. 질병의 수가 건강보험에서 말하는 10,538가지에 불과한 것은 아니기 때문입니다."
69,"건강보험에서 재해도 보장 되나","가입하는 상품의 약관에 따라 다릅니다. 재해를 보장하는 상품도 있지만, 그렇지 않은 상품도 있습니다. 또 재해를 보장하더라도 어떤 상품은 주계약에서 보장하지만, 또 다른 상품은 특약에서 보장합니다. 주계약에서 보장하는 상품은 건강보험에 가입하는 것만으로 재해 보장을 받을 수 있습니다. 그러나 특약에서 보장하는 상품은 별도의 특약을 가입하지 않는 한 재해를 보장받지 못합니다. 그러므로 재해를 보장받으려면 가입하는 상품의 구성 내용을 잘 살펴보아야 합니다."
70,"건강보험에서 1차, 2차 의료기관 구분없이 청구 가능한가","1차, 2차 의료기관의 구분없이 청구가 가능합니다. 따라서 처음부터 대학병원이나 대형 종합병원을 이용하셔도 보험금을 청구하실 수 있습니다."
72,"건강보험료는 보험가입자의 연령에 따라 달라지나","건강보험료는 보험가입자의 연령에 따라 보험료가 달라집니다. 병에 걸릴 가능성이 낮다면 보험료도 저렴할 것입니다. 연령이 낮은 사람의 보험료가 저렴한 이유도 그런 때문입니다. 통계청이 발표한 2003년의 연령대별 생명표를 보면 25세 이상에서는 10세 차이만 나도 사망률이 2배가 넘어갑니다. 이런 경향은 나이를 먹을수록 더 강화됩니다. 저연령자의 건강보험료가 고연령자보다 저렴할 것이라는 점은 누구나 짐작할 수 있습니다.
[참고] 연령이 낮을 때 가입하면 보험료가 싸지만 그렇다고 유리한 것은 아니며, 연령이 높을 때 가입하면 보험료가 비싸지만 불리한 것도 아닙니다. 연령별 보험료 차이는 질병 및 재해의 발생 가능성에 따라 낮거나 높을 뿐이기 때문입니다."
73,"군 입대시 건강보험의 가입이 가능한가","입대 전에는 군인이 아니기 때문에 과거 병력이 없고 현재도 건강하다면 보험가입에는 문제가 없습니다."
74,"건강보험과 민영의료보험이 보장하는 질병이 다른가","보장하는 질병을 지정하는 방식이 아래처럼 다르다고 보아야 합니다.
건강보험은 보장하는 질병을 통계청의 한국표준질병사인분류표를 기준으로 포지티브하게 지정합니다. (건강보험 광고에서 10,538가지의 질병을 보장한다고 질병의 갯수를 표시한 것은 이런 때문입니다.)
민영의료보험은 보장하지 않는 질병을 제외한 나머지 질병을 모두 보장합니다. 즉 보장하는 질병을 네거티브하게 지정합니다. 따라서 건강보험보다 보장하는 질병의 갯수가 더 많아질 수 있습니다.
어느 보험이든지 약관에서 정한 보장범위가 있습니다. 따라서 가입하기 전에 잘 살펴야 합니다."
75,"건강보험료는 주계약과 선택계약의 구성에 따라 달라지나","건강보험료는 주계약과 선택계약의 구성에 따라 보험료가 달라집니다. 대개의 보험사는 <주계약> 납입보험료만 환급해 줍니다. 따라서 <선택계약> 위주로 구성된 상품이라면 만기환급률이 100%라도 환급받을 금액이 크지 않습니다. 저희 인슈넷FC이 35세 남자가 80세 만기, 20년 동안 보험료를 납입하는 조건으로 12개 건강보험 상품에 대한 총납입보험료, 만기환급보험료, 소멸보험료합계 및 환급률을 계산해 보았더니 놀라운 결과가 나왔습니다. 가장 불리한 보험사는 총납입보험료 11,697,600원, 만기환급보험료 3,590,400원, 소멸보험료합계 8,107,200원 및 환급률 30.69%에 불과했습니다. 반면에 가장 유리한 보험사는 총납입보험료 10,320,000원, 만기환급보험료 9,960,000원, 소멸보험료합계 360,000원 및 환급률 96.51%에 달했습니다. 즉 유리한 보험사를 선택하면 불리한 보험사를 선택하는 것보다 20년간 무려 7,747,200원의 보험료를 절감할 수 있었습니다. 두 보험사 모두 주계약 보험료의 100%를 환급해 주는 상품이었는데, 단지 유리한 보험사는 보장항목이 <주계약> 위주로 되어 있었고, 불리한 보험사는 <선택계약> 위주로 되어 있었기 때문에 이런 결과가 나온 것입니다.
[참고] <선택계약>은 보장항목이 자잘하게 많은데다가 보장항목별 보험료도 몇 백원이나 몇 천원의 소액이기 때문에, 큰 손해로 이어질 수 있다는 점을 깨닫기 어려우므로 주의하십시오."
76,"건강보험에서 통원치료비도 보상하나","건강보험에서 통원치료비를 지급하는 경우는 드뭅니다. 통원치료비를 보장받기 위해서는 통원의료비를 실비로 보장하는 손해보험사의 의료실비보장 상품에 가입하여야 합니다."
77,"공군조종사는 건강보험 가입이 가능하나","공군조종사는 생명보험사의 경우 위험직 1급으로 분류되어 대부분 불가능합니다. 건강보험의 가입이 어렵습니다."
78,"이사를 갔을 경우 주소 변경을 알려야 하나","계약자의 주소가 변경되었을 경우 계약자는 변경된 주소를 보험회사에 알려야 합니다. 변경된 주소를 알리지 않은 경우 보험회사가 알고 있는 최종의 주소로 알린 사항은 계약자에게 도달한 것으로 간주하므로 계약의 유지와 관련된 주요한 사항의 전달이 이루어지 않아 가입자가 불이익을 당해도 보험회사가 책임을 지지 않을 수 있습니다."
79,"가입기간 중 치료받으면 보험료 인상되나","건강보험에 가입한 후 질병이나 재해(상해)로 치료를 받고 보험금을 청구했다고 해서 보험료가 인상되지는 않습니다. 건강보험은 일정한 납입기간 동안 균등보험료를 납입하고 납입을 종료하는 상품이기 때문에 중도에 보험금을 청구했다고 하여 보험료가 인상되는 경우는 없고, 처음 가입할 때 약정한 보험료를 계속 납부합니다."
80,"실효된 지 2년이 지났는데, 부활이 가능하나","건강보험 계약의 부활은 실효일로부터 2년 이내에만 가능합니다. 따라서 2년이 경과한 후에는 부활을 할 수 없습니다. 다만 실효된 계약에 대하여 해약환급금이 있다면 이를 청구하여 받을 수는 있습니다."
81,"환급형 건강보험은 예금자보호법에 의해 보호받나","건강보험의 경우에는 예금자보호법에 의한 보호대상이므로 가입보험사가 파산하여 보험사가 보험계약 채무를 더 이상 이행할 수 없는 경우에는 예금자보험법에 의해 지급이 보장되며, 현행 예금자보호법상 건강보험 계약은 보험계약체결 시기에 관계없이 파산금융기관당 1인 기준으로 해약환급금(또는 사고보험금이나 만기보험금)에 기타 지급금을 합쳐서 5천만원을 한도로 하고 있습니다."
82,"보험료 납입방법을 변경하고 싶은데","일반적으로 납입 방법은 월납, 3월납, 6월납, 연납, 일시납이 있으며, 해당 보험계약의 사업방법서상에 인가된 납입방법으로만 변경이 가능합니다. 다만 사업방법서상에 인가된 납입방법일지라도 일시납과 기타 납입방법 상호간의 변경은 가능하지 않습니다."
83,"건강보험에서 암보장은 즉시 보장받을 수 있나","책임개시일 조건이 있는 보장내용 중 대표적인 것이 암보장입니다. 암보장은 모든 보험상품에서 책임개시일 90일 조건을 두고 있어 계약일로부터 90일이 지나야 보험혜택을 볼 수 있습니다. 하지만 다른 질병이나 재해의 경우에는 가입 후 바로 보험혜택을 볼 수 있습니다. 대부분의 건강보험 상품은 암특약을 통해 고액의 진단금을 보장하고 있습니다."
84,"뇌졸중을 보장하는 건강보험이 있나","뇌졸중은 뇌출혈과 뇌경색으로 분류할 수 있습니다. 뇌졸중(뇌출혈, 뇌경색)로 인한 치료비(수술비와 입원비)는 대부분의 건강보험에서 보장을 받을 수 있습니다. 그러나, 고액의 진단금 보장에 있어서는 다음과 같은 차이가 있습니다.
뇌출혈 : 뇌출혈 진단시에 고액의 진단금, 수술비, 입원일당을 모두 보상받을 수 있으며, 정액으로 지급합니다.
뇌경색 : 뇌경색 진단시에 진단금은 보장하지 않고, 수술비, 입원일당만을 정액으로 지급합니다."
85,"건강보험은 광고대로 정말 10,538가지의 질병을 보장하나","그렇습니다. 10,538가지 또는 그 이상의 질병을 보장합니다. 즉, 통계청의 한국표준질병사인분류표에 나온 신경정신과, 선천성 질병, 마약중독 등을 제외한 나머지 거의 모든 질병을 보장한다고 보면 됩니다.
  그러나 문제는 질병별 보험금의 규모입니다. 약관에서 정한 중대 질병에 해당하면 물론 고액의 보험금이 지급되지만 그렇지 않은 경우는 보험금이 얼마 안됩니다. 건강보험에 가입했으니 이제 병원비 걱정은 끝났다고 생각하면 곤란합니다. 건강보험의 보장은 치료비가 많이 들어가는 질병일 때 효과적이고, 일상적이고 자잘한 질병에는 실효성이 떨어진다고 생각하십시오."
87,"병원에 입원중인 환자인데 건강보험 가입이 가능하나","현재 입원치료 중이라면 보험에 가입하실 수 없습니다. 완치 후 병력사항을 모두 보험사로 고지하신 후 보험사의 심사를 거쳐 가입하셔야 합니다. 병력에 따라서는 완치 후 일정기간이 경과해야 가입이 가능하며, 보험사가 가입을 거절할 수도 있고, 가입이 가능하더라도 병력이 있었던 부위에 대해서는 보장하지 않는 조건으로만 가능할 수도 있습니다."
88,"건강보험에서 감액기간 내의 보상은 어떻게 되나","감액기간에는 약정된 보험금의 일부만 보상받을 수 있습니다. 건강보험에는 감액기간이란 것이 있습니다. 즉 보험에 가입한 후 6개월, 1년 또는 2년 이내에 진단금이나 수술비가 지급되어야 한다면 50%만 지급한다는 식입니다. 암처럼 특정 질병명을 지정해서 보험금을 감액 지급하는 경우도 있습니다. 감액기간, 감액률, 감액되는 보장항목 또는 질병명은 보험사에 따라 달라집니다."
89,"건강보험과 CI 보험 중에서 어느 상품을 선택해야 하나","둘 중에서 하나를 선택할 수 있는 대체관계가 아닙니다. 건강보험과 CI보험은 두 개를 모두 선택할 수 있는 보완관계라고 볼 수 있습니다. 평소의 건강관리를 위해서라면 건강보험을 가입하십시오. 그러나 건강보험은 사망보장을 주목적으로 하는 상품이 아니라는 점을 잊지 마십시오. 물론 건강보험에 특약을 첨부하여 사망보장을 받을 수도 있지만, 그럴 바에는 사망보장을 주계약으로 하는 정기보험이나 종신보험에 가입하는 것이 유리합니다. 종신보험을 가입한다면 이 때 CI보험과 비교하여 둘 중의 하나를 선택할 수 있습니다. 즉 건강보험과 종신보험(또는 CI보험)은 보완관계이지 대체관계가 아닙니다. 종신보험과 CI보험이 대체관계입니다."
90,"건강보험료는 진단금의 내용에 따라 달라지나","건강보험료는 진단금의 내용에 따라 보험료가 달라집니다. 진단금이란 병원에서 중대질병으로 진단되었을 때 일시에 지급하는 확정 보험금을 말합니다. 중대질병의 종류는 상품별로 다르지만, 대개 뇌출혈과 급성 심근경색을 기본적으로 포함하고 있습니다. 중대질병의 진단금을 전혀 보상하지 않는 상품도 있고 뇌경색, 말기 신부전증, 말기간질환 및 말기폐질환 등도 중대질병으로 포함해서 보상하는 상품도 있습니다. 만일 진단금을 지급하는 중대질병의 종류가 적거나 혹은 진단금의 금액이 낮다면 그 상품은 보장이 낮은 것이지 보험료가 싼 것은 아니라는 사실을 유의하십시오."
91,"가족이 함께 가입할 수 있는 건강보험도 있나","일부 보험사에는 있지만, 대부분의 보험사에는 없습니다. 그런데 건강보험은 가족이 함께 가입해도 보험료가 할인되거나, 또는 보장금액이 높아지지는 않습니다. 따라서 개인별로 보장금액이나 가입조건을 다르게 하여 가입하는 것이 더 좋습니다. 그리고 개인별로 가입하면 주계약자가 사망할 경우 가족 전체의 건강보험을 해지하지 않아도 되며, 가족 구성원 중 일부가 외국으로 장기간 나가거나, 이민가는 경우에도 계약을 변경하지 않아도 되는 이점이 있습니다."
92,"건강보험에서 의료비나 간병비는 제한없이 보상 받나","연간 보장한도일을 넘는 의료비나 간병비는 보장받을 수 없습니다. 질병별로 보험금을 정액 지급하지 않고 치료 일수에 따라 실제 치료비 또는 일당액을 지급하는 보장항목은 연간 한도일이 정해져 있습니다. 연간 한도일은 상품 및 보장항목에 따라 달라지는데 보통 180일인 경우가 많고 30일 경우도 있습니다. 어쨌든지 연간 보장한도일을 넘는 의료비나 간병비는 지급되지 않습니다."
94,"전화로 건강보험에 가입하는 것은 어떤가","보험가입에서 중요한 것은 가입경로(전화 등)의 문제라기보다 가입자의 이익을 대변할 수 있는 책임 있는 계약관리자(담당자)가 있는지 여부입니다. 보험상품이 동일하고 보장내용이 같다면 일반적으로 가입경로에 따른 보험료 차이는 없습니다. 따라서 전화를 통해 보험에 가입했다고 해도 책임있는 관리자가 있다면 문제가 되지 않습니다. 하지만 홈쇼핑이나 단지 가입만을 담당하는 콜센터 등을 통해 보험에 가입하는 경우에는 책임있는 관리자가 없기 때문에 계약관리나 보험금 청구 등에 있어 가입자의 불편이 따르게 됩니다. 인슈넷FC은 23년 업력의 독립대리점으로서 가입시에는 22개 보험사간 비교와 통합설계를 통해 보험료 절약과 최적가입의 혜택을 드리고 가입 후에는 계약변경이나 보험금청구서비스를 대행하며 가입자의 이익을 대변해 드립니다."
95,"건강보험료는 보장기간에 따라 달라지나","건강보험료는 보장기간에 따라 보험료가 달라집니다. 보장기간이 짧으면 보험료가 저렴한 것은 보험상품의 공통된 특징입니다. 건강보험의 보장기간은 보험사마다 다르지만, 10년, 15년, 20년 등 햇수로 정하는 방식과 60세, 65세, 70세, 75세, 80세 등 나이로 정하는 방식이 있습니다. 어느 것을 선택하든지 햇수로 계산한 보장기간이 짧을수록 보험료는 저렴합니다.
[참고] 보장기간을 짧게 가입하면 만기가 되었을 때 고연령자인데다가 이미 건강한 상태가 아닐 가능성이 높기 때문에 건강보험을 재가입하기 어려울 수 있다는 점을 참고하십시오."
96,"건강보험료는 보험사의 사업비 규모에 따라 달라지나","건강보험료는 보험사의 사업비 규모에 따라 보험료가 달라집니다. 사업비란 보험사의 직원 봉급, 광고비, 설계사 수당  및 회사운영비 등을 말합니다. 사업비는 소비자가 내는 보험료에 포함됩니다. 따라서 사업비가 적은 보험상품은 당연히 보험료도 내려갑니다. 보험료 중에서 사업비가 얼마나 되느냐고요? 놀라지 마십시오. 사업비가 적게는 22.22%에서 많게는 67.62%까지 차지하고 있습니다. ("생보사 주요상품 예정사업비율", 머니투데이 2004-11-03 보도) 보험사별로 보험료가 크게 차이날 수 있는 이유가 여기에 있습니다. (보장내용이 같은데도 비싼 상품을 선택한다면 보험사 직원과 설계사를 고액 봉급자로 만들어주고, 보험사를 키우는 광고비와 운영비를 대주는 후원자가 되는 것입니다)
[참고] 보험상품별 사업비의 비중은 보험사가 공개하지 않기 때문에 알 수 없습니다. 위 머니투데이의 보도 자료는 소비자단체에서 일부 보험사의 자료를 입수하여 공개한 것입니다."
97,"암 보장을 받는 건강보험 상품이 있나","건강보험을 통해서도 암보장을 받을 수 있습니다. 다만 건강보험을 통해 가입할 수 있는 암진단금은 2천만원 정도여서 그리 큰 금액은 아닙니다. 따라서 고액의 암진단금 보장을 원하신다면 별도의 암보험으로 가입하시는 것이 좋습니다. 암 진단을 받은 경우에 고액의 치료비뿐만 아니라 치료기간 중에 경제활동을 하지 못하기 때문에 치료비 이상의 부수적인 비용이 필요하다는 점을 고려하면 충분한 암진단금을 보장받는 것이 좋습니다."
98,"건강보험에 가입하면 즉시 보장을 받나","질병이나 상품의 종류에 따라 아래와 같이 달라집니다.
뇌졸중, 급성 심근경색증, 암 등과 같은 중대질병인 경우에는 가입 후 90일의 유예기간이 지나야만 보장이 가능한 상품이 많습니다. 그러나 일부 보험사는 암을 제외한 나머지 중대 질병에 대해서는 즉시 보장하는 상품도 판매합니다.
중대질병을 제외한 일반 질병은 가입 즉시 보상을 받을 수 있습니다. 다만 일반 질병의 범위가 보험사 및 상품에 따라 다를 수 있다는 점을 염두에 두십시오."
100,"상품 설명이 불충분한데 취소할 수 있나","보험상품은 무형의 상품이기 때문에 가입과정에서 판매자의 충분한 설명(약관의 주요 내용 설명)이 중요합니다. 따라서 이러한 설명이 충분히 이루어지지 않은 불완전판매가 이루어 졌다면 가입자의 입장에서는 청약일로부터 3개월 이내에 약관의 주요 내용 미설명을 이유로 보험계약을 취소(품질보증제도라고 함)할 수 있으며, 보험사는 보험가입자가 납입한 보험료를 전액 돌려주어야 합니다.
  이 같은 약관의 주요 내용 미설명 외에 약관 및 청약서 부본 미전달, 그리고 계약체결시 계약자가 청약서에 자필서명(날인 및 전자서명법 제2조제10호의 규정에 의한 공인인증기관이 인증한 전자서명을 포함)을 하지 아니한 때에도 계약자는 청약일부터 3개월 이내에 계약을 취소할 수 있습니다."
101,"장애인은 건강보험 가입이 가능하나","건강보험이나 암보험 가입시 장애인이기 때문에 일괄적으로 가입이 안되는 것은 아니고, 장애의 종류나 건강상태 등을 고려하여 가입건별로 가입 가능여부를 심사하고 있습니다. 건강상태가 양호하다면 가입이 가능할 수 있습니다."
102,"건강보험에서 가족형 상품은 어떤 상품인가","건강보험 상품은 한 가족이라도 따로 따로 가입하는 것이 기본입니다. 그런데 15세 미만에 대해서는 건강보험을 받아주는 보험사가 드뭅니다. 대신에 부모가 건강보험을 가입하면서 자녀 특별약관을 첨부할 수 있는 보험사가 있습니다. 개인별로 가입하는 건강보험을 '개인형'이라고 부른다면 부모의 건강보험에 자녀 특별약관을 첨부할 수 있는 건강보험을 '가족형'이라고 부를 수 있습니다."
103,"외국인도 건강보험 가입이 가능하나","국내에서의 보험가입은 가입시 국내 거주하는 경우라면 국내인, 외국인 상관없이 보험가입이 가능합니다. 상품 및 보험기간 등은 가입자의 필요에 따라 선택이 가능하므로 외국인 여부에 구애받지 마시고 원하는 상품을 선택하시기 바랍니다."
104,"건강보험료는 성별에 따라 달라지나","건강보험료는 성별에 따라 차이가 있습니다. 2003년의 통계청 자료에 따르면 남자가 여자보다 질병이나 재해로 사망할 확률은 1.22배나 더 높습니다. 하지만 이 확률은 전 연령층을 대상으로 한 것이며, 건강보험에 가입할 가능성이 높은 20~50대에서는 2~3배에 이르게 됩니다. 남자의 건강보험료가 여자보다 높은 것은 당연한 귀결입니다. 아래는 통계청의 2003년의 연령대별 여자사망률 대 남자사망률비에 관한 표입니다.  
  구분
계
0~9세
10대
20대
30대
40대
50대
60세 이상
사망률비
1.22
1.23
1.77
2.02
2.31
2.85
2.83
1.35"
112,"검사결과 이상이 없을 때도 검사비를 받을 수 있나","손해보험사의 의료실비보장 상품의 경우 검사비도 보장대상이긴 하지만 모든 경우에 다 보상을 받을 수 있는 것은 아닙니다. 검사결과 아무런 이상이 발견되지 않아 치료로 이어지지 않았다면 검사비를 보장받지 못할 수도 있습니다. 왜냐하면 약관상 '상해나 질병의 치료에 따른 의료비'를 보상하는 것으로 되어 있기 때문입니다. 하지만 정확한 보상여부는 건별로 해당 보험사에 문의를 해야 합니다."
114,"건강보험에서 한의원 통원의료비도 보상받을 수 있나","한방병원, 한의원, 치과병원, 치과의원에서 통원치료를 받은 경우에는 통원의료비를 보상받을 수 없습니다.(손해보험의 모든 상품이 동일합니다) 따라서 꼭 한의원에서 치료를 받아야 하는 것이 아니라면 일반병원에서 통원치료를 받고 보험금을 청구하시기 바랍니다."
117,"상급병실을 이용해도 건강보험 보상이 가능하나","상급병실을 이용할 때 기준병실료와의 차액은 지급하지 않습니다. 질병입원의료비와 상해입원의료비 보장에서는 상급병실을 이용한 경우 기준병실료와 병실료 차액(상급병실료와 기준병실료간의 차액)의 50%를 보상합니다. 하지만 입·통원의 구분이 없는 (일반)상해의료비 보장에서는 병실료차액을 보상하지 않기 때문에 기준병실료만 보상을 받을 수 있습니다."
118,"건강보험에서 검사비는 모두 보상하나","검사비는 사고나 질병에 직접적인 관련이 있는 경우에는 100% 보상이 된다고 생각하시면 됩니다. (본인부담액 100%보상 보험 가입시), 그러나 머리를 다치셔서 검사를 하는데, 머리와는 상관없는 다리의 검사를 하는 경우에 다리의 검사비용은 제외 됩니다."
119,"정액보장형과 실손보장형은 어떤 차이가 있나","보험금을 결정하는 방식에 차이가 있습니다. 건강보??상품은 보험금을 결정하는 방식에 따라 '정액보장형'과 '실손보장형'으로 나눌 수 있습니다. '정액보장형'이란 보험가입시 미리 정한 보험금을 실제 치료비와 상관없이 정액으로 지급하는 방식을 말하며, '실손보장형'이란 보험가입시 미리 정한 보험금의 한도 내에서 실제 치료비를 지급하는 방식을 말합니다. '정액보장형'은 특정한 질병으로 진단될 때 고액의 보험금을 지급받거나 혹은 장기간의 입원을 해야 되는 질병 치료에 적합하며, '실손보장형'은 단기간에 고액의 치료비를 써야 하는 치료에 적합합니다. 따라서 '정액보장형'과 '실손보장형'을 적절히 결합하여 가입하는 것이 좋습니다."
120,"건강보험에는 어떤 종류가 있나",
122,"65세 부친 건강보험 가입을 거절하는데","부친께서 현재 건강이 이상은 없으나 올해 65세이십니다. 여러 회사에 건강보험 가입을 문의했으나 모두 불가하다는 답변을 받았는데, 보험이라는 것이 앞으로 일어날 사고를 대비하는 상품인데 나이가 많다고 거절하는 것은 부당한 것이 아닌지?
    보험상품의 개발 및 보험료의 책정은 위험률 등을 기초로 하여 계산됩니다. 따라서 연령이 올라갈 수록 보험료는 올라가는 데 일반적으로 60세이상인 경우 보험가입이 무조건 제한되는 것은 아니나 보험료가 상대적으로 고액일 수 밖에 없으며 상해보험이나 질병보험의 경우 대부분의 상품 가입연령은 최고 60세까지입니다 그렇다고 해서 일부 보험대상이 소수인 고연령만을 대상으로 하는 보험상품의 개발은 대수의 법칙에 입각한 보험의 원리와 상충되는 면이 있어 현실적으로 고연령자의 보장성보험 특히 질병보장보험의 가입은 어렵다고 볼 수 있습니다."
123,"B형 간염 보균자, 전립선염 환자 건강보험 가입 가능한가","B형 간염보균자의 경우 보험가입에 제한이 있습니다. 일반적으로 생명보험상품의 경우 건강진단 및 e-항원검사 결과 비활동성임이 확인된다면 간에 대한 전기간 부담보조건(간에 발생한 질병에 대해서는 보험금을 지급하지 않는 조건)으로만 가입이 가능합니다. 손해보험사는 B형간염보균자에 대해선 건강보험의 가입을 거절하고 있습니다. 또한 현재 치료중인 질병이 있는 경우에는 보험에 가입하실 수 없습니다. 따라서 치료 후 1개월 정도 이후에나 청약이 가능하며 치료내용에 따라 일정기간 또는 전기간 부담보로만 가입이 가능합니다.
전립선염의 경우 재발이 잦기 때문에 완치 후 적어도 3~6개월 경과 후 보험을 가입하셔야 합니다. 따라서 지금 당장은 보험에 가입하실 수 없습니다. 경과기간 후 보험에 가입하실 때에는 보험사에서 소견서 등의 서류첨부를 요청할 수 있으며, 전립선 부위에 일정기간의 부담보조건이 추가될 수 있습니다.
알려주신 내용 중에 최근 실시한 건강검진에서 콜레스테롤수치 및 간수치가 상당히 개선되었다고 하셨는데 정확한 간 수치 및 콜레스테롤 수치가 확인되어야 합니다. 이때 수치가 평균치보다 높을 경우에는 보험가입이 제한될 수 있습니다. 비활동성 B형간염보균 및 간수치, 과체중은 보험사에서 실시한 건강진단에서 이상이 없을 경우 가입이 가능합니다. 일반적으로 간과 관련한 사항에서 특이사항이 없을 경우에는 간에 대한 전기간 부담보로 가입 가능합니다.
결론적으로 말씀드리자면 전립선염의 치료가 끝나야 하기 때문에 지금당장은 보험에 가입하실 수 없으며, 3~6개월 정도 경과후에 가능합니다. 또한 보험에 가입하시더라도 전립선과 간에 대해서는 일정기간 또는 전기간 동안 보장을 받으실 수 없습니다."
130,"건강보험 100%환급상품은 없나","다른 보험사의 건강보험은 100%환급형으로 가입할 수 있습니다. 다만 상품에 따라서는 교보생명의 상품처럼 일부만 환급이 가능한 것도 있습니다.
변액보험은 투자실적에따라 보험금이 달라지는 실적배당형상품이기 때문에 예금자보호대상이 아닙니다. 하지만 예금자보호는 가입보험사가 파산하는 경우를 가정한 것이므로 가입보험사가 파산하지 않는 한 납입한 보험료를 손해볼 일은 없습니다.
변액보험은 실적배당형 상품이므로 조기에 해지할 경우 보험료손실이 일반상품보다 더 클 수 있습니다. 따라서 변액보험은 장기투자를 염두에 두시고 가입해야 손해를 보지 않습니다. 배우자분께서 유가족보장을 위해 사망보험금을 보장하는 상품이 필요하다면 변액보험보다는 종신보험이나 정기보험에 가입하시고 투자는 별도의 투자전용상품(각종 적립식 펀드상품)을 이용하실 것을 추천드립니다."
131,"건강보험과 암보험은 중복 보상되나","[보상청구>보상금액결정]
중복 보상이 안된다던데, 건강보험하고 암보험 동시에 가입되어있다면?
 보험은 중복보상이 안된다는 말을 본것같은데요...
만약 건강보험에 암을 특약으로하고 암보험을 동시에 가입했다면
중복보상이 안되나요?? 그럼 한곳에서만 보상을 받을수있는건가요??
    암보험은 생명보험상품이므로 중복보상이 가능합니다.
중복보상이 되지않는것은 손해보험입니다 ^_^
건강보험을 가입하실 때 암특약을 추가하여 가입하였고
암보험도 동시에 가입하였다면, 암이 발생하였을때 각각에서 보상받으실 수 있습니다.
건강보험은 암을 포함한 다양한 질병(뇌졸중, 급성심근경색증, 심장질환, 간질환, 고혈압, 당뇨병 등)들의
입원비,수술비,간병비,요양비 등도 종합적으로 보장하는 보험상품이고
암보험은 질병중 가장 발병율이 높은 암을 집중적으로 보장하는 보험상품으로
'암'을 주계약 대상으로 한 생명보험 상품을 의미합니다.
손해보험에서는 아직 '암'만을 단독으로 대상으로 한 상품이 거의 없습니다.
그래서 '암'보험은 주계약이 암이란 사고에 한정되기 때문에 사망이 주계약일 때보다 가격이 쌀 수 있습니다.
만약 지금 보험 가입이전이시고, 두가지 보험중 한가지만 가입하신다고 하면 건강보험을 추천하고 싶습니다.
그러나, 암보험은 보장해주는 영역이 암에 한정되는만큼 보험료가 저렴하므로, 경제적인 입장에서
암보험을 우선적으로 가입하고 추후에 보장받는 질병의 범위를 넓히시려면 건강보험을 가입하시면서
암보장을 제외하고 가입하시는 방법도 있습니다.
만약 암이 포함된 건강보험에 암보험까지 함께 든다면 경제적인 손실이라고 볼수 있습니다.
따라서 암보험을 따로 가입하고자 한다면 가지고 계신 보험 내용중에 암이 포함되어있는지
알아본 이후에 가입하시는것이 좋습니다.
현재 내가 가지고 있는 보험중에 중복되는 보장이 있는지 알아보시려면 보험넷 사이트의
보험비교 프로그램을 이용하시면 좋습니다.  
 "
132,"건강보험 계약 부활시 별도로 건강진단을 받아야 하는 이유는","보험료가 2개월 연속 미납된 경우 관련계약은 3개월이 되는 시점부터 효력이 중지가
되며 이를 효력상실이라하며 효력상실된 계약은 실효일로부터 2년이내에 부활청약을
할 수 있습니다. 그러나 부활청약을 하실때는 신계약과 동일한 계약사정기준에 의하
여 심사를 하게 되며 이 경우 최초 계약일과 여러가지 계약조건이 바뀐 경우(예를 들
어 피보험자의 보험나이가 더 많아진 경우 등) 건강진단을 받아야 하는 경우가 발생합
니다.
 "
136,"고관절 인공 이식 수술 환자 건강보험가입 가능한가","고관절인공수술에 대해서는 보험사의 심사를 받아보아야 정확한 가입여부를 알 수 있습니다. 다만 현재 알려주신 내용만으로 판단해 볼 때 수술부위에 대한 부담보(해당 부위의 질병은 보장하는 않는 조건)및 상해담보 가입에 제한이 있을 수 있습니다. 또한 청약과정에서 인공관절을 삽입하시게 된 사유 및 정확한 치료방법 등이 포함된 소견서가 필요할 수도 있으며, 장해여부에 대한 확인도 필요합니다.
의료실비를 보장받으시려면 손해보험사의 건강보험에 가입하셔야 합니다. 의료실비 보장상품은 약관에서 보상하지 아니하는 손해로 규정한 질병이나 상해에 대해서는 보상하지 않습니다.(보상하지 아니하는 손해에 대해서는 약관을 참조하시기 바랍니다.)"
137,"국민건강보험과 민영건강보험의 보장항목 어떻게 다른가","국민건강보험의 건강보험은 국민 모두가 평소에 조금씩 모아 두었다가 자신과 가족 또는 이웃들이 병이 났을 때 사용하여 건강을 유지할 수 있게 도와줍니다.
국민건강보험의 대상
국내에 거주하는 국민은 모두 대상입니다. 총 대상자는 4,740만 명(인구의 97%)이며 '직장가입자'와 '지역가입자' 이렇게 두 부류로 나뉩니다. 직장가입자(58%)는 근로자, 사용자, 공무원·교직원이고, 그의 부양가족들은 피부양자가 될 수 있으며, 지역가입자(42%)는 직장가입자를 제외한 도시 및 농어촌 지역주민입니다. 건강보험 대상에서 제외되는 157만 명(인구의 3%)은 국가로부터 보호를 받는 의료급여대상자입니다.
국민건강보험의 납부
직장가입자는 보수의 4.48%를 직장과 본인이 50%씩 냅니다. 지역가입자는 소득·재산·자동차·가구원수(성, 연령) 등을 종합하여 점수로 만들어서 부과하며 보험료의 일부를 정부에서 지원해 주는데, 국고에서 35%, 건강증진기금에서 15%를 제공합니다.
국민건강보험의 적용
질병 등의 치료를 위해 병, 의원에 입원을 할 경우 진료비의 80%를 건강보험에서 부담하고, 외래진료를 받을 경우 50∼80%(병·의원 종류에 따라 다름)을 부담합니다. 병·의원이 진료비를 청구하면, 건강보험 심사평가원에서 적정한지를 심사하고 그 결과에 따라 건강보험에서 비용을 지급합니다. 또한 질병 뿐 아니라 분만이나 사망의 경우에도 그 비용을 보조해 주는데, 출산비와 장제비(장례비용)가 그것입니다. 이 경우, 일정 금액을 현금으로 지원해줍니다.
  민영보험에서 건강보험을 가입하면 아래와 같은 혜택을 추가로 볼 수 있습니다.
민영건강보험은 진단금, 수술비, 입원비를 기본적으로 보장합니다. 통원비, 재해사망금, 건강회복자금 등을 특약으로 보상하는 상품도 있습니다만 드문 일입니다. 좋은 건강보험을 선택하려면 보장항목, 보험금액 및 보험료 수준 등을 종합적으로 검토하십시오. 건강보험의 보장항목별 내용은 아래와 같습니다.
진단금
뇌출혈 및 급성 심근경색증과 같은 중대질병(CI, critical illness)이 발병했을 때 지급하는 보험금을 말합니다. 중대질병의 종류는 상품별로 다르지만 대개 뇌출혈과 급성 심근경색을 포함하고 있습니다. 중대질병의 발병시 진단금을 전혀 지급하지 않는 상품도 있고뇌경색, 말기 신부전증, 말기간질환 및 말기폐질환 등도 중대질병에 포함시켜 진단금을 지급하는 상품도 있습니다. 진단금은 중대질병이 발병하면 실제 치료비와 상관없이 정액으로 지급합니다. CI(critical illness)보험의 개념이 건강보험에 도입된 것이라고 볼 수 있습니다. 진단금의 수준은 보험약관에서 정하는데 보험사의 상품별로 크게 다를 수 있습니다.
수술비
건강보험에서 보상하는 질병 및 재해로 '국내의 병원, 의원 또는 이와 동등하다고 인정되는 국외의 의료기관(이하 병원)'에서 '의사 자격증을 가진 자(이하 의사)'에 의하여 수술을 받은 경우에 지급됩니다. 얼마의 수술비를 지급하는지는 보험약관에서 정하는데 보험사의 상품별로 크게 다를 수 있습니다.
입원비
건강보험에서 보상하는 질병 및 재해로 병원에서 의사의 관리 하에 치료를 받은 경우에 지급됩니다. 입원비는 일당으로 지급됩니다. 입원비를 지급하는 질병 및 재해의 종류와 보험금의 한도는 보험약관에서 정하는데 보험사의 상품별로 크게 다를 수 있습니다.
기타
일부 상품에서는 피보험자가 통원비, 재해사망금, 건강회복자금 등을 특약으로 선택할 수 있습니다. 통원비는 특정한 질병으로 통원치료를 받을 때 일당으로 지급합니다. 재해사망금 및 건강회복자금은 보험약관에서 정한 사유가 발생했을 경우에 정액으로 지급합니다."
138,"루마티스 관절 진단시 건강보험가입 가능한가","류마티스약을 지금 복용하신다면 건강보험 가입은 어렵습니다. 류마티스의 경우 완치되어 더이상 치료를 요하지 않으실 때 가입 문의하시기 바랍니다."
140,"만기환급금 중 적립금이란 무엇인가","손해보험사 건강보험의 보험료는 보장보험료와 적립보험료로 구분되는데 적립보험료가 이자율에 따라 적립된 금액이 만기환급금을 구성합니다. 그런데 만기환급금은 첫째, 이자율의 변동(변동금리가 적용됩니다.)에 따라 달라질 수 있고, 둘째 만기환급금이 5년마다 자동갱신되는 담보의 보험료인상에 따른 대체납입의 재원으로 사용되기 때문에 최초 금액과 달라질 수 있습니다. 따라서 통합보험의 경우에는 만기환급금이 없으며, 다른 상품도 만기환급금이 최초 가입시점의 예상금액보다 작거나 없을 수도 있습니다."
143,"병원 원무과 직원 건강보험 가입가능 여부","병원 원무과 직원의 건강보험 가입이 가능한지요?
메리츠화재: 의료사무원(사무장, 원무과 직원)은 전면 인수제한 직종이나, 3차 의료기관(종합병원, 대학병원) 종사자는 여기서 제외되어 가입이 가능합니다.
쌍용화재: 인수제한 직종으로 전산으로 인수심사 요청을 한 후에 정확한 결과를 확인할 수 있습니다.
동양생명: 가입 가능합니다.
금호생명: 입원특약 가입 불가입니다.
흥국생명: 가입 가능합니다.
미래에셋생명: 상해 관련하여 가입제한입니다.
AIG생명(오프): 가입 불가입니다."
159,"비활동성 B형간염보균자 건강보험 가입가능한가","검진결과에 따라 달라지겠지만 모든 보험사가 동일한 가입심사 기준을 적용하는 것은 아닙니다. 가입심사 기준은 보험사나 보험종목에 따라 달라 질 수 있습니다. 따라서 특정보험사에서 가입을 거절하였다고 해서 모든 보험상품에 가입할 수 없는 것은 아닙니다. 다만 가입이 가능한 경우라도 진단을 받으셔야 하며, 특정부분의 보장은 제외될 수 있습니다."
161,"생명보험사 건강보험vs손해보험사 건강보험 어떤 게 좋은지","저는 솔직히 일한다고 바빠서 병원 갈 일이 잘 없습니다...
보통 아파도 그냥 참죠...
근데 와이프는 병원에 자주 가는 편입니다...
그래서 집사람 앞으로 민영의료보험 또는 실손보험
하나 가입할려고 하는데요...
생명보험사가 나은지 아니면 손해보험 쪽이 좋은지
알려주세요.
  먼저 간략하게 생명보험과 손해보험의 특징에 대해서 알아볼까요..
생명보험은 사망, 후유장애에 대한 보장, 그리고 중요질병에 대한 보장에 중점을 둔 보험이며, 특히 열거주의라 하여 약관에 명시되어 있는 병에 대해서만 보장을 받으실 수 있습니다. 즉 약관에 없다면 보장받으실 수 없으신거죠, 요즘 한창 문제가 되고 있는 광우병에 대해서 보장을 받지 못하는거죠..
손해보험은 주로 의료실비(실제 병원가서 내가 지불한 돈)를 보장을 합니다. 즉 진찰료, 검사료, 방사선료, 투약 및 처방료, 주사료, 이학요법료, 처치료, 수술료, 마치료, 병실료, 식대 등 내가 병원가서 낸 돈 거의 전부를 보장받으실 수 있습니다.
또한, 손해보험은 포괄주의라 하여 약관에 명시되어 있는 몇몇 질병만 빼고 나머지 다 보장이 가능하므로 광우병에 대해서 보장을 받으실 수 있게 됩니다.
그리고 간단히  부부의 경우에 어떻게 보험을 구성해야 할 지 알아볼까요.
가장인 경우- 사망>후유장애>의료비>배상책임
배우자 - 의료비>후유장애>배상책임>사망
만약 자녀가 있다면, 후유장애>의료비>배상책임>사망
위의 보장순위에 따라 보험을 구성하시면 어디가서도 보험 잘 못 들었다는 소리를 듣지는 않으실겁니다.!
결론적으로, 부인께서 병원을 자주 이용하시니 손해보험의 의료실비를 보장하는 상품을 선택하신다면 후회하지 않으시겠네요.
  생명사는 어떤 질병이 걸리면 얼마을 주겠다는 정액 보상이고~
화재사는 사고나 질병이 발생했을때 병원에 가게 되면 실제 사용한
의료비을 보상해 준다고 이해 하시면 됩니다~
또 한가지 생명사에 진단비나 수술비 입원비등을  특약으로 추가 할 수 있습니다~~
생명사에서도 실비에 대한 보장이 가능 하다는 뉴스가 어제 나왔습니다~
그러나 생명사에 실비는 비급여에 80%보상이 되는 점을 감안 한다면 아직까지는 화재사가 생명사 보다는 더 유리 합니다~
 "
164,"손해보험상품 '의료비보장 5년마다 갱신된다'는 의미","손해보험사 건강보험상품의 의료비보장은 다음의 조건을 만족할 경우 5년마다 자동으로 갱신됩니다.
1. '자동갱신 특약의  갱신거절사유' 에 해당되지 않는 경우.
2. 계약자가 별도로 갱신거절의사를 밝히지 않는 경우.
3. 갱신후 변경된 보험료를 계약자가 납입하는 경우.
자동갱신 특약의 갱신거절사유는 일반적으로 의료비는 누적금액이 1억원 이상 보험금이 지급된 경우, 입원비(일당)는 누적금액 1천만원 이상 보험금이 지급된 경우이며, 상품에 따라서는 거절사유를 별도로 약관에 표시하지 않은 곳도 있습니다. 갱신 후 보험료가 변경되는 것은 갱신시점마다 피보험자의 연령, 의료수가 상승율, 실적손해율 등을 반영하여 보험료를 재계산하기 때문입니다. 보험료가 재계산되어 인상된다고 해도 적립보험료에서 대체납입되는 경우 보험료를 추가로 납입하지 않아도 됩니다.
자동갱신 특약의 갱신거절사유에 해당되지 않는 한 특정질병으로 인해 보험사의 손해가 커졌다고 해서 개별계약의 갱신을 거절할 수 는 없습니다."
165,"손해보험상품 특징","손해보험사 건강보험상품의 경우 납입보험료 중 일정부분은 적립보험료로 구성되기 때문에 순수보장형 상품은 없으며 모두 만기환급형입니다.
손해보험사 건강보험 상품 중 15년 만기의 상품에 가입하신다면 15년 이후 다른 상품으로 재가입을 하셔야 합니다. 이런 경우 15년 동안 질병이나 상해로 병원치료를 받고 보험금을 수령하셨다면 재가입에 제한이 따를 수 있습니다. 보험료 수준도 보험가입연령, 의료수가 등을 고려할 때 비싸질 가능성이 높습니다."
167,"위 용종제거수술 환자 건강보험가입 가능한가","대부분의 보험사가 수술 후 일정기간이 지나야 가입이 가능하며 소견서를 첨부하여 심사를 받아야 합니다. 가입이 가능하더라도 용종이 있었던 부위의 질병에 대해서는 일정기간 또는 전기간 동안 보장받지 못하는 제한이 있을 수 있습니다. 정확한 가입여부는 청약을 통해 수술내용에 대하여 보험사로 정확하게 고지해야 알 수 있습니다."
168,"위궤양 후 위염으로 호전 시 건강보험 가입가능한가","최근에 위궤양으로 치료를 받은신 적이 있고, 현재도 위염으로 치료 중이라면 건강보험 가입은 어렵습니다. 위궤양의 경우 완치 후에도 일정기간(최소 6개월 이상이며 손해보험사의 경우 치료기간에 따라 3년 이상의 기간이 경과해야 합니다.)이 경과해야만 가입이 가능하며, 심사 후 가입이 가능하더라도 위에 발생한 질병에 대해서는 보장하지 않는 조건이 추가될 수 있습니다"
169,"위암수술, 관절염 약 복용시 건강보험 가입가능한가","아버님께서는 보험을 가입하시는데 특별한 문제가 없지만 어머님의 경우, 과거 위암진단을 받으셨다면 비록 완치가 되었다고 하더라도 보험가입에 제한이 있습니다. 또한 현재 관절염 약을 복용 중이시라면 발병시점, 치료기간 및 방법, 발생부위 등에 따라서 가입이 제한되며, 관절염이 발생한 부위에 대해서는 보장하지 않는 조건으로만 가입이 가능할 수도 있습니다. 다만 정확한 가입여부는 보험사로 병력사항을 고지한 후 보험사에서 요구하는 의사소견서 등을 토대로 심사를 받아 보아야 알 수 있습니다. 기재해주신 내용만으로는 구체적인 답변이 어려우며, 홈페이지를 통해 상담예약을 해 주시면 전문 상담원이 상담을 통하여 가입이 가능한 보험사와 적합한 상품을 추천드리겠습니다"
172,"일반약관과 특약 중 우선시되는 것","특별약관이 일반약관에 우선합니다."
173,"임플란트 치료비를 보장해 주는 건강보험이 있나요?","[보험가입>보장항목 결정]
지금 알아보는게 임플란트를 하게되면 치료비를 보장해주는 보험을 찾고있습니다
있기는 있다고 들었는데 지금 치아가빠진상태여서 임플란트를 하게되어도 보장을 해주는지요 전반적으로 임플란트보험에 대해 알고싶습니다
그리고 제가 가입가능한건지도요
감사합니다~~
    임플란트에 소요된 비용을 보상해주는 보험상품은 없습니다. 보험상품 중 임플란트를 보상해 주는 상품이 있다고 하는 것은 임플란트를 위해 치조골이식수술을 하는 경우 수술비 보장에서 정액의 수술비를 보장하는 경우를 두고 하는 말입니다. 현재 치조골 이식수술비를 지급하는 보험상품은 거의 없으며, 수술비가 큰 것도 아니므로 임플란트만을 위해서 치조골이식수술이 보장되는 상품을 가입하는 것은 좋은 선택은 아닌 것으로 판단됩니다.
 "
174,"입원급여금은 무엇인가","입원이란 의사,치과의사,한의사의 면허를 가진 자에 의하여 질병 또는 재해로 인한 치
료가 필요하다고 인정하는 경우에 자택 등에서의 치료가 곤란하여 의료법 제3조 제2항
에서 정한 병원, 의원 (한의원은 제외)또는 이와 동등하다고 회사가 인정하는 국외의
의료기관에 입실하여 의사의 관리 하에 치료에 전념하는 것을 말합니다.
 "
175,"입원의료실비의 보장 범위는","[보험가입>보장항목 결정]
안녕하세요 보험을 들려다 궁금한것이 있어서요.
질병입원의료실비의 경우 예를 들어 -갑자기 머리가 아파서 2차의료기관(A) 응급실 에서 CT를 찍은결과 대학병원(B)으로 진료의료서를 주어서 - 구급차(환자이송처리료)로 - 대학병원(B)응급실에서 CT기타여러가지검사후 입원하였을 경우(입원의료비)는 어디까지 보상이 되나요. 이모든 과정이 하루에 이루어진 것입니다.
1. 2차의료기관(A) 의료비
2. 환자이송구급차(환자이송처치료) 료
3. 대학병원(B)응급실료
보험은 평생을 가지고 가는 거니만큼 신중하고 신중하게 결정해야 할것 같아서요.보험상품에 따라 입원의료실비의 보험약관이 다른가요. 다른 곳에서는 같다고 하는데요.메리츠화재(무배당 알파플러스 보장보험아니면 삼성쪽에 ....
  [답]
2차의료기관(A)에서 발생한 진료비(검사비): 통원의료?廚罐?보상가능 합니다.
환자이송구급차이용료: 보상대상이 아닙니다.
대학병원(B)응급실료 및 입원치료비: 입원의료비로 보상을 받으실 수 있습니다.
A병원에서 발생한 검사비용은 통원의료비 보상대상이므로 10만원 까지만 보상이 가능합니다. 통원의료비는 하루 동안 여러 병원에서 수회에 걸쳐 통원을 하더라도 하루 동안 발생한 통원의료비 전체에서 10만원 한도까지만 보상되며, 통원(또는 병원)별로 보상한도가 적용되는 것은 아닙니다. 또한 입원의료비로 보상을 받으려면 해당 병원의 입퇴원확인서가 있어야하기 때문에 입원 없이 통원하여 검사만 받은 병원의 진료비는 입원의료비 보상대상이 아닙니다.(해당 병원에서는 입퇴원확인서를 받을 수 없을 것입니다.)
   "
176,"자궁근종수술 기왕증 시 건강보험 가입 가능한가","자궁근종의 경우 보험가입이 거절되는 사항은 아닙니다. 다만 수술 후 1년 가량이 지나야 가입이 가능하며, 근종만 제거했는 지, 자궁 전체를 적출했는 지에 따라서 가입내용이 달라집니다. 근종만 제거한 경우에는 자궁(일부보험사는 자궁뿐만 아니라 난소에 대해서도 부담보 조건으로만 가입이 가능합니다.)에 대한 부담보조건(해당 부위에 발생한 질병은 보장하지 않는 조건)으로 가입하실 수 있으며, 자궁 적출을 한 경우에는 부담보 없이 가입이 가능합니다. 하지만 정확한 가입여부는 보험사에서 요구하는 서류를 첨부한 후 심사를 요청해 보아야 알 수 있습니다."
